Kode,Nama Perusahaan,Tanggal Pencatatan,Saham,Papan Pencatatan
AIMS,Akbar Indo Makmur Stimec Tbk,20-Jul-01,220.000.000,Pengembangan
AISA,FKS Food Sejahtera Tbk.,11-Jun-97,9.311.800.000,Utama
AKKU,Anugerah Kagum Karya Utama Tbk,1-Nov-04,6.449.463.636,Pengembangan
AKPI,Argha Karya Prima Industry Tbk,18-Dec-92,612.248.000,Pengembangan
AKRA,AKR Corporindo Tbk.,3-Oct-94,20.073.474.600,Utama
AKSI,Mineral Sumberdaya Mandiri Tbk,13-Jul-01,720.000.000,Pengembangan
ALDO,Alkindo Naratama Tbk.,12-Jul-11,1.316.856.070,Pengembangan
ALKA,Alakasa Industrindo Tbk,12-Jul-90,507.665.055,Pengembangan
ALMI,Alumindo Light Metal Industry,2-Jan-97,3.816.000.000,Pengembangan
ALTO,Tri Banyan Tirta Tbk.,10-Jul-12,2.191.870.558,Utama
AMAG,Asuransi Multi Artha Guna Tbk.,23-Dec-05,5.001.552.516,Pengembangan
AMFG,Asahimas Flat Glass Tbk.,8-Nov-95,434.000.000,Utama
AMIN,Ateliers Mecaniques D Indonesi,10-Dec-15,1.080.000.000,Pengembangan
AMRT,Sumber Alfaria Trijaya Tbk.,15-Jan-09,41.524.501.700,Utama
ANJT,Austindo Nusantara Jaya Tbk.,8-May-13,3.354.175.000,Utama
ANTM,Aneka Tambang Tbk.,27-Nov-97,24.030.764.725,Utama
APEX,Apexindo Pratama Duta Tbk.,5-Jun-13,2.796.804.997,Pengembangan
APIC,Pacific Strategic Financial Tb,18-Dec-02,11.766.313.488,Pengembangan
APII,Arita Prima Indonesia Tbk.,29-Oct-13,1.075.760.000,Pengembangan
APLI,Asiaplast Industries Tbk.,1-May-00,1.362.671.400,Utama
APLN,Agung Podomoro Land Tbk.,11-Nov-10,22.699.326.779,Utama
ARGO,Argo Pantes Tbk,7-Jan-91,335.557.450,Pengembangan
ARII,Atlas Resources Tbk.,8-Nov-11,3.431.000.000,Pengembangan
ARNA,Arwana Citramulia Tbk.,17-Jul-01,7.341.430.976,UTAMA
ARTA,Arthavest Tbk,5-Nov-02,446.674.175,Pengembangan
ARTI,Ratu Prabu Energi Tbk,30-Apr-03,7.840.000.000,Pengembangan
ARTO,Bank Jago Tbk.,12-Jan-16,13.717.687.500,Pengembangan
ASBI,Asuransi Bintang Tbk.,29-Nov-89,348.386.472,Pengembangan
ASDM,Asuransi Dayin Mitra Tbk.,15-Dec-89,192.000.000,Utama
ASGR,Astra Graphia Tbk.,15-Nov-89,1.348.780.500,Utama
ASII,Astra International Tbk.,4-Apr-90,40.483.553.140,Utama
ASJT,Asuransi Jasa Tania Tbk.,23-Dec-03,1.288.890.696,Utama
ASMI,Asuransi Maximus Graha Persada,16-Jan-14,8.958.380.460,Utama
BAJA,Saranacentral Bajatama Tbk.,21-Dec-11,1.800.000.000,Pengembangan
BALI,Bali Towerindo Sentra Tbk.,13-Mar-14,3.934.592.500,Utama
BAPA,Bekasi Asri Pemula Tbk.,14-Jan-08,661.784.520,Utama
BATA,Sepatu Bata Tbk.,24-Mar-82,1.300.000.000,Utama
BAYU,Bayu Buana Tbk,30-Oct-89,353.220.780,PENGEMBANGAN
BBCA,Bank Central Asia Tbk.,31-May-00,122.042.299.500,Utama
BBHI,Allo Bank Indonesia Tbk.,12-Aug-15,21.512.953.877,Pengembangan
BBKP,Bank KB Bukopin Tbk.,10-Jul-06,67.019.885.160,Utama
BBLD,Buana Finance Tbk.,7-May-90,1.645.796.054,Pengembangan
BBMD,Bank Mestika Dharma Tbk.,8-Jul-13,4.049.189.100,Utama
BBNI,Bank Negara Indonesia (Persero,25-Nov-96,18.462.169.893,Utama
BBRI,Bank Rakyat Indonesia (Persero,10-Nov-03,150.043.411.587,Utama
BBRM,Pelayaran Nasional Bina Buana,9-Jan-13,8.479.490.328,Utama
BBTN,Bank Tabungan Negara (Persero),17-Dec-09,10.484.100.000,Utama
BBYB,Bank Neo Commerce Tbk.,13-Jan-15,9.327.465.018,Utama
BCAP,MNC Kapital Indonesia Tbk.,8-Jun-01,42.618.850.927,Utama
BCIC,Bank JTrust Indonesia Tbk.,25-Jun-97,17.926.071.041,Pengembangan
BCIP,Bumi Citra Permai Tbk.,11-Dec-09,1.429.915.525,Pengembangan
BDMN,Bank Danamon Indonesia Tbk.,6-Dec-89,9.675.817.341,Utama
BEKS,Bank Pembangunan Daerah Banten,13-Jul-01,51.351.733.883,Pengembangan
BEST,Bekasi Fajar Industrial Estate,10-Apr-12,9.647.311.150,Utama
BFIN,BFI Finance Indonesia Tbk.,16-May-90,15.967.115.620,Utama
BGTG,Bank Ganesha Tbk.,12-May-16,16.303.371.203,Pengembangan
BHIT,MNC Asia Holding Tbk.,24-Nov-97,86.068.156.705,Utama
BIKA,Binakarya Jaya Abadi Tbk.,14-Jul-15,592.280.000,Pengembangan
BIMA,Primarindo Asia Infrastructure,30-Aug-94,608.175.716,Pengembangan
BINA,Bank Ina Perdana Tbk.,16-Jan-14,5.877.722.813,Utama
BIPI,Astrindo Nusantara Infrastrukt,11-Feb-10,57.918.360.917,Pengembangan
BIPP,Bhuwanatala Indah Permai Tbk.,23-Oct-95,5.028.669.366,Pengembangan
BIRD,Blue Bird Tbk.,5-Nov-14,2.502.100.000,Utama
BISI,BISI International Tbk.,28-May-07,3.000.000.000,Utama
BJBR,Bank Pembangunan Daerah Jawa B,8-Jul-10,10.416.229.249,Utama
BJTM,Bank Pembangunan Daerah Jawa T,12-Jul-12,14.865.343.101,Utama
BKDP,Bukit Darmo Property Tbk,15-Jun-07,7.513.992.252,Pengembangan
BKSL,Sentul City Tbk.,28-Jul-97,67.083.561.082,Utama
BKSW,Bank QNB Indonesia Tbk.,21-Nov-02,20.232.319.124,Pengembangan
BLTA,Berlian Laju Tanker Tbk,26-Mar-90,25.940.187.103,Utama
BLTZ,Graha Layar Prima Tbk.,10-Apr-14,873.937.142,Pengembangan
BMAS,Bank Maspion Indonesia Tbk.,11-Jul-13,4.399.026.922,Pengembangan
BMRI,Bank Mandiri (Persero) Tbk.,14-Jul-03,46.199.999.998,Utama
BMSR,Bintang Mitra Semestaraya Tbk,29-Dec-99,1.159.200.024,Utama
BMTR,Global Mediacom Tbk.,17-Jul-95,16.583.997.586,Utama
BNBA,Bank Bumi Arta Tbk.,1-Jun-06,2.744.280.000,Utama
BNBR,Bakrie & Brothers Tbk,28-Aug-89,21.160.865.261,Pengembangan
BNGA,Bank CIMB Niaga Tbk.,29-Nov-89,24.880.290.775,Utama
BNII,Bank Maybank Indonesia Tbk.,21-Nov-89,75.357.433.911,Utama
BNLI,Bank Permata Tbk.,15-Jan-90,35.819.545.925,Utama
BOLT,Garuda Metalindo Tbk.,7-Jul-15,2.343.750.000,PENGEMBANGAN
BPFI,Woori Finance Indonesia Tbk.,1-Jun-09,2.673.995.362,Pengembangan
BPII,Batavia Prosperindo Internasio,8-Jul-14,515.498.662,Pengembangan
BRAM,Indo Kordsa Tbk.,5-Sep-90,450.000.000,Utama
AALI,Astra Agro Lestari Tbk.,9-Dec-97,1.924.688.333,Utama
ABBA,Mahaka Media Tbk.,3-Apr-02,3.935.892.857,Pengembangan
ABDA,Asuransi Bina Dana Arta Tbk.,6-Jul-89,620.806.680,Pengembangan
ABMM,ABM Investama Tbk.,6-Dec-11,2.753.165.000,Utama
ACES,Ace Hardware Indonesia Tbk.,6-Nov-07,17.150.000.000,Utama
ACST,Acset Indonusa Tbk.,24-Jun-13,12.675.160.000,Utama
ADES,Akasha Wira International Tbk.,13-Jun-94,589.896.800,Pengembangan
ADHI,Adhi Karya (Persero) Tbk.,18-Mar-04,8.407.608.979,Utama
ADMF,Adira Dinamika Multi Finance T,31-Mar-04,1.000.000.000,Utama
ADMG,Polychem Indonesia Tbk,20-Oct-93,3.889.179.559,Utama
ADRO,Adaro Energy Indonesia Tbk.,16-Jul-08,31.985.962.000,Utama
AGII,Aneka Gas Industri Tbk.,28-Sep-16,3.066.660.000,Utama
AGRO,Bank Raya Indonesia Tbk.,8-Aug-03,22.520.433.863,Utama
AGRS,Bank IBK Indonesia Tbk.,22-Dec-14,27.357.208.711,Pengembangan
AHAP,Asuransi Harta Aman Pratama Tb,14-Sep-90,4.900.000.000,Pengembangan
BRMS,Bumi Resources Minerals Tbk.,9-Dec-10,141.784.040.338,Pengembangan
BRNA,Berlina Tbk.,6-Nov-89,979.110.000,Pengembangan
BRPT,Barito Pacific Tbk.,1-Oct-93,93.747.218.044,Utama
BSDE,Bumi Serpong Damai Tbk.,6-Jun-08,21.171.365.812,Utama
BSIM,Bank Sinarmas Tbk.,13-Dec-10,19.517.921.842,Utama
BUKK,Bukaka Teknik Utama Tbk.,29-Jun-15,2.640.452.000,Pengembangan
BULL,Buana Lintas Lautan Tbk.,23-May-11,14.117.801.449,Pengembangan
BUMI,Bumi Resources Tbk.,30-Jul-90,343.841.242.189,Pengembangan
BUVA,Bukit Uluwatu Villa Tbk.,12-Jul-10,6.811.269.200,Pengembangan
BVIC,Bank Victoria International Tb,30-Jun-99,12.910.188.542,Utama
BWPT,Eagle High Plantations Tbk.,27-Oct-09,31.525.291.000,Utama
BYAN,Bayan Resources Tbk.,12-Aug-08,3.333.333.500,Utama
CANI,Capitol Nusantara Indonesia Tb,16-Jan-14,833.440.000,Pengembangan
CASS,Cardig Aero Services Tbk.,5-Dec-11,2.086.950.000,Pengembangan
CEKA,Wilmar Cahaya Indonesia Tbk.,9-Jul-96,595.000.000,Utama
CENT,Centratama Telekomunikasi Indo,1-Nov-01,31.183.464.900,Pengembangan
CFIN,Clipan Finance Indonesia Tbk.,27-Aug-90,3.984.520.457,Utama
CINT,Chitose Internasional Tbk.,27-Jun-14,1.000.000.000,PENGEMBANGAN
CITA,Cita Mineral Investindo Tbk.,20-Mar-02,3.960.361.250,Pengembangan
CLPI,Colorpak Indonesia Tbk.,30-Nov-01,306.338.500,PENGEMBANGAN
CMNP,Citra Marga Nusaphala Persada,10-Jan-95,5.435.099.005,Utama
CMPP,AirAsia Indonesia Tbk.,8-Dec-94,10.685.124.441,Pengembangan
CNKO,Exploitasi Energi Indonesia Tb,20-Nov-01,8.956.361.206,Pengembangan
CNTX,Century Textile Industry Tbk.,22-May-79,70.000.000,Pengembangan
COWL,Cowell Development Tbk.,19-Dec-07,4.871.214.021,Pengembangan
CPIN,Charoen Pokphand Indonesia Tbk,18-Mar-91,16.398.000.000,UTAMA
CPRO,Central Proteina Prima Tbk.,28-Nov-06,59.572.382.787,Pengembangan
CSAP,Catur Sentosa Adiprana Tbk.,12-Dec-07,4.458.352.920,Utama
CTBN,Citra Tubindo Tbk.,28-Nov-89,800.371.500,Utama
CTRA,Ciputra Development Tbk.,28-Mar-94,18.560.303.397,Utama
CTTH,Citatah Tbk.,3-Jul-96,1.230.839.821,Pengembangan
DART,Duta Anggada Realty Tbk.,8-May-90,3.141.390.962,Utama
DEFI,Danasupra Erapacific Tbk.,6-Jul-01,687.266.666,Pengembangan
DEWA,Darma Henwa Tbk,26-Sep-07,21.853.733.792,Utama
DGIK,Nusa Konstruksi Enjiniring Tbk,19-Dec-07,5.541.165.000,Utama
DILD,Intiland Development Tbk.,4-Sep-91,10.365.854.185,Utama
DKFT,Central Omega Resources Tbk.,21-Nov-97,5.638.246.600,Pengembangan
DLTA,Delta Djakarta Tbk.,27-Feb-84,800.659.050,Utama
DMAS,Puradelta Lestari Tbk.,29-May-15,48.198.111.100,Utama
DNAR,Bank Oke Indonesia Tbk.,11-Jul-14,16.781.376.732,Utama
DNET,Indoritel Makmur Internasional,11-Dec-00,14.184.000.000,Pengembangan
DOID,Delta Dunia Makmur Tbk.,15-Jun-01,8.621.173.232,Utama
DPNS,Duta Pertiwi Nusantara Tbk.,8-Aug-90,331.129.952,Utama
DSFI,Dharma Samudera Fishing Indust,24-Mar-00,1.857.135.500,Utama
DSNG,Dharma Satya Nusantara Tbk.,14-Jun-13,10.599.842.400,Utama
DSSA,Dian Swastatika Sentosa Tbk,10-Dec-09,770.552.320,Utama
DUTI,Duta Pertiwi Tbk,2-Nov-94,1.850.000.000,Pengembangan
DVLA,Darya-Varia Laboratoria Tbk.,11-Nov-94,1.120.000.000,Utama
DYAN,Dyandra Media International Tb,25-Mar-13,4.272.964.279,Utama
ECII,Electronic City Indonesia Tbk.,3-Jul-13,1.334.333.000,PENGEMBANGAN
EKAD,Ekadharma International Tbk.,14-Aug-90,3.493.875.000,Utama
ELSA,Elnusa Tbk.,6-Feb-08,7.298.500.000,Utama
ELTY,Bakrieland Development Tbk.,30-Oct-95,43.521.913.019,Pengembangan
EMDE,Megapolitan Developments Tbk.,12-Jan-11,3.350.000.000,Pengembangan
EMTK,Elang Mahkota Teknologi Tbk.,12-Jan-10,61.241.751.483,Utama
ENRG,Energi Mega Persada Tbk.,7-Jun-04,24.821.230.250,Pengembangan
EPMT,Enseval Putera Megatrading Tbk,1-Aug-94,2.708.640.000,Pengembangan
ERAA,Erajaya Swasembada Tbk.,14-Dec-11,15.950.000.000,Utama
ERTX,Eratex Djaja Tbk.,21-Aug-90,1.286.539.792,Pengembangan
ESSA,Surya Esa Perkasa Tbk.,1-Feb-12,15.660.887.000,Utama
ESTI,Ever Shine Tex Tbk.,13-Oct-92,2.015.208.720,UTAMA
ETWA,Eterindo Wahanatama Tbk,16-May-97,4.668.671.400,Pengembangan
EXCL,XL Axiata Tbk.,29-Sep-05,10.724.674.776,Utama
FAST,Fast Food Indonesia Tbk.,11-May-93,3.990.277.158,Pengembangan
FASW,Fajar Surya Wisesa Tbk.,19-Dec-94,2.477.888.787,Utama
FISH,FKS Multi Agro Tbk.,18-Jan-02,480.000.000,Pengembangan
FMII,Fortune Mate Indonesia Tbk,30-Jun-00,2.721.000.000,Pengembangan
FORU,Fortune Indonesia Tbk,17-Jan-02,465.224.000,Pengembangan
FPNI,Lotte Chemical Titan Tbk.,21-Mar-02,5.566.414.000,PENGEMBANGAN
FREN,Smartfren Telecom Tbk.,29-Nov-06,324.017.457.689,Utama
GAMA,Aksara Global Development Tbk.,11-Jul-12,10.011.027.656,Utama
GDST,Gunawan Dianjaya Steel Tbk.,23-Dec-09,9.242.500.000,Pengembangan
GDYR,Goodyear Indonesia Tbk.,22-Dec-80,410.000.000,Utama
GEMA,Gema Grahasarana Tbk.,12-Aug-02,1.600.000.000,Pengembangan
GEMS,Golden Energy Mines Tbk.,17-Nov-11,5.882.353.000,Utama
GGRM,Gudang Garam Tbk.,27-Aug-90,1.924.088.000,Utama
GIAA,Garuda Indonesia (Persero) Tbk,11-Feb-11,25.886.576.254,Pengembangan
GJTL,Gajah Tunggal Tbk.,8-May-90,3.484.800.000,Utama
GLOB,Globe Kita Terang Tbk.,7-Oct-12,1.111.112.000,PENGEMBANGAN
GMTD,Gowa Makassar Tourism Developm,11-Dec-00,101.538.000,Pengembangan
GOLD,Visi Telekomunikasi Infrastruk,7-Jul-10,1.277.276.000,PENGEMBANGAN
GOLL,Golden Plantation Tbk.,23-Dec-14,3.665.000.759,Pengembangan
GPRA,Perdana Gapuraprima Tbk.,10-Oct-07,4.276.655.336,Utama
GSMF,Equity Development Investment,23-Oct-89,14.230.399.705,Pengembangan
GTBO,Garda Tujuh Buana Tbk,9-Jul-09,2.500.000.000,Pengembangan
GWSA,Greenwood Sejahtera Tbk.,23-Dec-11,7.800.760.000,UTAMA
GZCO,Gozco Plantations Tbk.,15-May-08,6.000.000.000,Utama
HADE,Himalaya Energi Perkasa Tbk.,12-Apr-04,2.120.000.000,PENGEMBANGAN
HDFA,Radana Bhaskara Finance Tbk.,10-May-11,6.542.445.783,Utama
HDTX,Panasia Indo Resources Tbk.,6-Jun-90,3.601.462.800,Pengembangan
HERO,Hero Supermarket Tbk.,21-Aug-89,4.183.634.000,Utama
HEXA,Hexindo Adiperkasa Tbk.,13-Feb-95,840.000.000,Utama
HITS,Humpuss Intermoda Transportasi,15-Dec-97,7.101.084.801,Utama
HMSP,H.M. Sampoerna Tbk.,15-Aug-90,116.318.076.900,Utama
HOME,Hotel Mandarine Regency Tbk.,17-Jul-08,22.212.194.782,PENGEMBANGAN
HOTL,Saraswati Griya Lestari Tbk.,10-Jan-13,3.550.001.452,Utama
HRUM,Harum Energy Tbk.,6-Oct-10,13.518.100.000,Utama
IATA,MNC Energy Investments Tbk.,13-Sep-06,12.662.139.842,Pengembangan
IBFN,Intan Baru Prana Tbk.,22-Dec-14,1.517.332.349,Pengembangan
IBST,Inti Bangun Sejahtera Tbk.,31-Aug-12,1.350.904.927,Utama
ICBP,Indofood CBP Sukses Makmur Tbk,7-Oct-10,11.661.908.000,Utama
ICON,Island Concepts Indonesia Tbk.,8-Jul-05,1.089.750.000,Pengembangan
IGAR,Champion Pacific Indonesia Tbk,5-Nov-90,972.204.500,Utama
IIKP,Inti Agri Resources Tbk,14-Oct-02,33.600.000.000,Pengembangan
IKAI,Intikeramik Alamasri Industri,4-Jun-97,13.305.799.387,Utama
IKBI,Sumi Indo Kabel Tbk.,21-Jan-91,1.224.000.000,PENGEMBANGAN
IMAS,Indomobil Sukses Internasional,15-Nov-93,3.994.291.039,Utama
INDS,Indospring Tbk.,10-Aug-90,656.249.710,PENGEMBANGAN
INDX,Tanah Laut Tbk,17-May-01,437.913.588,Pengembangan
INDY,Indika Energy Tbk.,11-Jun-08,5.210.192.000,Utama
INKP,Indah Kiat Pulp & Paper Tbk.,16-Jul-90,5.470.982.941,Utama
INPC,Bank Artha Graha Internasional,23-Aug-90,20.021.178.779,Utama
INPP,Indonesian Paradise Property T,12-Jan-04,11.181.971.732,Pengembangan
INRU,Toba Pulp Lestari Tbk.,18-Jun-90,1.388.883.283,Pengembangan
INTA,Intraco Penta Tbk.,23-Aug-93,3.343.935.022,Pengembangan
INTD,Inter Delta Tbk,18-Dec-89,591.828.000,Pengembangan
INTP,Indocement Tunggal Prakarsa Tb,5-Dec-89,3.681.231.699,Utama
IPOL,Indopoly Swakarsa Industry Tbk,9-Jul-10,6.443.379.509,Utama
ISAT,Indosat Tbk.,19-Oct-94,8.062.702.740,Utama
ISSP,Steel Pipe Industry of Indones,22-Feb-13,7.185.992.035,Utama
ITMA,Sumber Energi Andalan Tbk.,10-Dec-90,999.053.167,Pengembangan
ITMG,Indo Tambangraya Megah Tbk.,18-Dec-07,1.129.925.000,Utama
JAWA,Jaya Agra Wattie Tbk.,30-May-11,3.774.685.500,Utama
JECC,Jembo Cable Company Tbk.,18-Nov-92,151.200.000,PENGEMBANGAN
JIHD,Jakarta International Hotels &,29-Feb-84,2.329.040.482,Pengembangan
JKON,Jaya Konstruksi Manggala Prata,4-Dec-07,16.308.519.860,Utama
JKSW,Jakarta Kyoei Steel Works Tbk.,6-Aug-97,150.000.000,Pengembangan
JPFA,Japfa Comfeed Indonesia Tbk.,23-Oct-89,11.726.575.201,Utama
JRPT,Jaya Real Property Tbk.,29-Jun-94,13.750.000.000,Utama
KDSI,Kedawung Setia Industrial Tbk.,29-Jul-96,405.000.000,Pengembangan
KIAS,Keramika Indonesia Assosiasi T,8-Dec-94,14.929.100.000,Pengembangan
KICI,Kedaung Indah Can Tbk,28-Oct-93,276.000.000,UTAMA
KIJA,Kawasan Industri Jababeka Tbk.,10-Jan-95,20.824.888.369,Utama
KKGI,Resource Alam Indonesia Tbk.,1-Jul-91,5.000.000.000,Utama
KLBF,Kalbe Farma Tbk.,30-Jul-91,46.875.122.110,Utama
KOBX,Kobexindo Tractors Tbk.,5-Jul-12,2.272.500.000,Utama
KOIN,Kokoh Inti Arebama Tbk,9-Apr-08,980.843.732,Pengembangan
KONI,Perdana Bangun Pusaka Tbk,22-Aug-95,312.000.000,Pengembangan
KOPI,Mitra Energi Persada Tbk.,4-May-15,697.266.668,Pengembangan
KPIG,MNC Land Tbk.,30-Mar-00,88.688.299.330,Pengembangan
KRAH,Grand Kartech Tbk.,8-Nov-13,971.190.000,Pengembangan
KRAS,Krakatau Steel (Persero) Tbk.,10-Nov-10,19.346.396.900,Utama
KREN,Kresna Graha Investama Tbk.,28-Jun-02,18.208.470.100,Utama
LAPD,Leyand International Tbk.,17-Jul-01,3.966.350.139,Pengembangan
LCGP,Eureka Prima Jakarta Tbk.,13-Jul-07,5.630.000.914,Pengembangan
LEAD,Logindo Samudramakmur Tbk.,11-Dec-13,4.049.616.328,UTAMA
LINK,Link Net Tbk.,2-Jun-14,2.863.195.484,Utama
LION,Lion Metal Works Tbk.,20-Aug-93,520.160.000,Utama
LMAS,Limas Indonesia Makmur Tbk,28-Dec-01,787.851.525,PENGEMBANGAN
LMPI,Langgeng Makmur Industri Tbk.,17-Oct-94,1.008.517.669,PENGEMBANGAN
LMSH,Lionmesh Prima Tbk.,4-Jun-90,96.000.000,Pengembangan
LPCK,Lippo Cikarang Tbk,24-Jul-97,2.679.600.000,Utama
LPGI,Lippo General Insurance Tbk.,22-Jul-97,300.000.000,Utama
LPIN,Multi Prima Sejahtera Tbk,5-Feb-90,425.000.000,Pengembangan
LPKR,Lippo Karawaci Tbk.,28-Jun-96,70.898.018.369,Utama
LPLI,Star Pacific Tbk,23-Oct-89,1.170.432.803,Pengembangan
LPPF,Matahari Department Store Tbk.,9-Oct-89,2.364.423.580,Utama
LPPS,Lenox Pasifik Investama Tbk.,28-Mar-94,2.588.250.000,Pengembangan
LRNA,Eka Sari Lorena Transport Tbk.,15-Apr-14,350.000.022,PENGEMBANGAN
LSIP,PP London Sumatra Indonesia Tb,5-Jul-96,6.822.863.965,Utama
LTLS,Lautan Luas Tbk.,21-Jul-97,1.560.000.000,Utama
MAGP,Multi Agro Gemilang Plantation,16-Jan-13,9.000.000.004,Pengembangan
MAIN,Malindo Feedmill Tbk.,10-Feb-06,2.238.750.000,Utama
MAMI,Mas Murni Indonesia Tbk,9-Feb-94,12.299.317.590,Pengembangan
MAPI,Mitra Adiperkasa Tbk.,10-Nov-04,16.600.000.000,Utama
MASA,Multistrada Arah Sarana Tbk.,9-Jun-05,9.182.946.945,Utama
MAYA,Bank Mayapada Internasional Tb,29-Aug-97,11.714.045.161,Utama
MBAP,Mitrabara Adiperdana Tbk.,10-Jul-14,1.227.271.952,Pengembangan
MBSS,Mitrabahtera Segara Sejati Tbk,6-Apr-11,1.750.026.639,Utama
MBTO,Martina Berto Tbk.,13-Jan-11,1.070.000.000,Utama
MCOR,Bank China Construction Bank I,3-Jul-07,37.540.533.209,Utama
MDIA,Intermedia Capital Tbk.,11-Apr-14,39.215.538.400,Pengembangan
MDKA,Merdeka Copper Gold Tbk.,19-Jun-15,24.110.850.771,Utama
MDLN,Modernland Realty Tbk.,1-Jun-94,12.533.067.322,UTAMA
MDRN,Modern Internasional Tbk.,16-Jul-91,7.632.167.798,Pengembangan
MEDC,Medco Energi Internasional Tbk,12-Oct-94,25.136.231.252,Utama
MEGA,Bank Mega Tbk.,17-Apr-00,11.623.514.905,Utama
MERK,Merck Tbk.,23-Jul-81,448.000.000,PENGEMBANGAN
META,Nusantara Infrastructure Tbk.,18-Jul-01,17.710.708.194,Utama
MFIN,Mandala Multifinance Tbk.,6-Sep-05,2.650.000.000,Pengembangan
MFMI,Multifiling Mitra Indonesia Tb,29-Dec-10,757.581.000,Pengembangan
MGNA,Magna Investama Mandiri Tbk.,8-Jul-14,3.410.475.322,Pengembangan
MICE,Multi Indocitra Tbk.,21-Dec-05,600.000.000,PENGEMBANGAN
MIDI,Midi Utama Indonesia Tbk.,30-Nov-10,2.882.353.000,Pengembangan
MIKA,Mitra Keluarga Karyasehat Tbk.,24-Mar-15,14.246.349.500,Utama
MIRA,Mitra International Resources,30-Jan-97,3.961.452.039,Pengembangan
MITI,Mitra Investindo Tbk.,16-Jul-97,2.442.988.366,Pengembangan
MKPI,Metropolitan Kentjana Tbk.,10-Jul-09,948.194.000,Pengembangan
MLBI,Multi Bintang Indonesia Tbk.,15-Dec-81,2.107.000.000,Utama
MLIA,Mulia Industrindo Tbk,17-Jan-94,6.615.000.000,Pengembangan
MLPL,Multipolar Tbk.,6-Nov-89,15.682.323.987,Utama
MLPT,Multipolar Technology Tbk.,8-Jul-13,1.875.000.000,Utama
MMLP,Mega Manunggal Property Tbk.,12-Jun-15,6.889.134.608,Pengembangan
MNCN,Media Nusantara Citra Tbk.,22-Jun-07,15.049.787.710,Utama
MPMX,Mitra Pinasthika Mustika Tbk.,29-May-13,4.462.963.276,Utama
MPPA,Matahari Putra Prima Tbk.,21-Dec-92,8.477.734.948,Utama
MRAT,Mustika Ratu Tbk.,27-Jul-95,428.000.000,Utama
MREI,Maskapai Reasuransi Indonesia,4-Sep-89,517.791.681,Pengembangan
MSKY,MNC Sky Vision Tbk.,9-Jul-12,1.994.370.480,Utama
MTDL,Metrodata Electronics Tbk.,9-Apr-90,12.276.884.585,Utama
MTFN,Capitalinc Investment Tbk.,16-Apr-90,31.842.082.852,Pengembangan
MTLA,Metropolitan Land Tbk.,20-Jun-11,7.655.126.330,Utama
MTSM,Metro Realty Tbk.,8-Jan-92,232.848.000,Pengembangan
MYOH,Samindo Resources Tbk.,27-Jul-00,2.206.312.500,Utama
MYOR,Mayora Indah Tbk.,4-Jul-90,22.358.699.725,Utama
MYRX,Hanson International Tbk.,31-Oct-90,86.703.220.792,Pengembangan
MYTX,Asia Pacific Investama Tbk.,10-Oct-89,7.747.281.949,Pengembangan
NELY,Pelayaran Nelly Dwi Putri Tbk.,11-Oct-12,2.350.000.000,Pengembangan
NIKL,Pelat Timah Nusantara Tbk.,14-Dec-09,2.523.350.000,Utama
NIPS,Nipress Tbk.,24-Jul-91,1.635.333.332,Pengembangan
NIRO,City Retail Developments Tbk.,13-Sep-12,22.198.871.804,Pengembangan
NISP,Bank OCBC NISP Tbk.,20-Oct-94,22.715.776.032,Utama
NOBU,Bank Nationalnobu Tbk.,20-May-13,4.556.256.627,Utama
NRCA,Nusa Raya Cipta Tbk.,27-Jun-13,2.496.258.344,Utama
OCAP,Onix Capital Tbk.,10-Oct-03,273.200.000,Pengembangan
OKAS,Ancora Indonesia Resources Tbk,29-Mar-06,1.765.927.777,Pengembangan
OMRE,Indonesia Prima Property Tbk,22-Aug-94,1.745.000.000,Pengembangan
PADI,Minna Padi Investama Sekuritas,9-Jan-12,11.307.246.524,Utama
PALM,Provident Investasi Bersama Tb,8-Oct-12,7.119.540.356,Pengembangan
PANR,Panorama Sentrawisata Tbk.,18-Sep-01,1.200.000.000,Utama
PANS,Panin Sekuritas Tbk.,31-May-00,720.000.000,Utama
PBRX,Pan Brothers Tbk.,16-Aug-90,6.478.295.611,Utama
PDES,Destinasi Tirta Nusantara Tbk,8-Jul-08,715.000.000,Pengembangan
PEGE,Panca Global Kapital Tbk.,24-Jun-05,2.833.417.056,Pengembangan
PGAS,Perusahaan Gas Negara Tbk.,15-Dec-03,24.241.508.196,Utama
PGLI,Pembangunan Graha Lestari Inda,5-Apr-00,488.000.000,Pengembangan
PICO,Pelangi Indah Canindo Tbk,23-Sep-96,568.375.000,Pengembangan
PJAA,Pembangunan Jaya Ancol Tbk.,2-Jul-04,1.599.999.996,Utama
PKPK,Perdana Karya Perkasa Tbk,11-Jul-07,600.000.000,Pengembangan
PLAS,Polaris Investama Tbk,16-Mar-01,1.184.200.000,PENGEMBANGAN
PLIN,Plaza Indonesia Realty Tbk.,15-Jun-92,3.550.000.000,Utama
PNBN,Bank Pan Indonesia Tbk,29-Dec-82,23.837.645.998,Utama
PNBS,Bank Panin Dubai Syariah Tbk.,15-Jan-14,38.425.504.906,Utama
PNIN,Paninvest Tbk.,20-Sep-83,4.068.323.920,Utama
PNLF,Panin Financial Tbk.,14-Jun-83,32.022.073.293,Utama
PNSE,Pudjiadi & Sons Tbk.,1-May-90,797.813.496,Pengembangan
POLY,Asia Pacific Fibers Tbk,12-Mar-91,2.495.753.334,Pengembangan
POOL,Pool Advista Indonesia Tbk.,20-May-91,2.341.366.264,Pengembangan
PPRO,PP Properti Tbk.,19-May-15,61.675.671.883,Utama
PRAS,Prima Alloy Steel Universal Tb,12-Jul-90,701.043.478,Utama
PSAB,J Resources Asia Pasifik Tbk.,22-Apr-03,26.460.000.000,Pengembangan
PSDN,Prasidha Aneka Niaga Tbk,18-Oct-94,1.440.000.000,Pengembangan
PSKT,Red Planet Indonesia Tbk.,19-Sep-95,10.351.231.636,Pengembangan
PTBA,Bukit Asam Tbk.,23-Dec-02,11.520.659.250,Utama
PTIS,Indo Straits Tbk.,12-Jul-11,550.165.300,Utama
PTPP,PP (Persero) Tbk.,9-Feb-10,6.199.897.354,Utama
PTRO,Petrosea Tbk.,21-May-90,1.008.605.000,Utama
PTSN,Sat Nusapersada Tbk,8-Nov-07,5.314.344.000,Utama
PTSP,Pioneerindo Gourmet Internatio,30-May-94,220.808.000,Pengembangan
PUDP,Pudjiadi Prestige Tbk.,18-Nov-94,329.560.000,UTAMA
PWON,Pakuwon Jati Tbk.,9-Oct-89,48.159.602.400,UTAMA
PYFA,Pyridam Farma Tbk,16-Oct-01,535.080.000,Pengembangan
RAJA,Rukun Raharja Tbk.,19-Apr-06,4.227.082.500,Utama
RALS,Ramayana Lestari Sentosa Tbk.,24-Jul-96,7.096.000.000,Utama
RANC,Supra Boga Lestari Tbk.,7-Jun-12,1.564.487.500,Pengembangan
RBMS,Ristia Bintang Mahkotasejati T,19-Dec-97,2.656.212.826,Utama
RDTX,Roda Vivatex Tbk,14-May-90,268.800.000,Utama
RELI,Reliance Sekuritas Indonesia T,13-Jul-05,1.800.000.000,Utama
RICY,Ricky Putra Globalindo Tbk,22-Jan-98,641.717.510,UTAMA
RIGS,Rig Tenders Indonesia Tbk.,5-Mar-90,609.130.000,Pengembangan
RIMO,Rimo International Lestari Tbk,10-Nov-00,45.080.600.000,PENGEMBANGAN
RMBA,Bentoel Internasional Investam,5-Mar-90,36.401.136.250,Utama
RODA,Pikko Land Development Tbk.,22-Oct-01,13.592.128.209,Pengembangan
ROTI,Nippon Indosari Corpindo Tbk.,28-Jun-10,6.186.488.888,Utama
RUIS,Radiant Utama Interinsco Tbk.,12-Jul-06,770.000.000,Pengembangan
SAFE,Steady Safe Tbk,15-Aug-94,615.145.012,PENGEMBANGAN
SAME,Sarana Meditama Metropolitan T,11-Jan-13,17.129.632.545,Pengembangan
SCCO,Supreme Cable Manufacturing &,20-Jul-82,205.583.400,Utama
SCMA,Surya Citra Media Tbk.,16-Jul-02,73.970.569.505,Utama
SCPI,Organon Pharma Indonesia Tbk.,8-Jun-90,3.600.000,Pengembangan
SDMU,Sidomulyo Selaras Tbk.,12-Jul-11,1.135.225.000,Pengembangan
SDPC,Millennium Pharmacon Internati,7-May-90,1.274.000.000,Utama
SDRA,Bank Woori Saudara Indonesia 1,15-Dec-06,8.482.552.020,Utama
SGRO,Sampoerna Agro Tbk.,18-Jun-07,1.818.622.000,Utama
SHID,Hotel Sahid Jaya International,8-May-90,1.119.326.168,Pengembangan
SIDO,Industri Jamu dan Farmasi Sido,18-Dec-13,30.000.000.000,Utama
SILO,Siloam International Hospitals,12-Sep-13,13.006.125.000,Utama
SIMA,Siwani Makmur Tbk,3-Jun-94,442.589.871,PENGEMBANGAN
SIMP,Salim Ivomas Pratama Tbk.,9-Jun-11,15.816.310.000,Utama
SIPD,Sreeya Sewu Indonesia Tbk.,27-Dec-96,1.339.102.579,Pengembangan
SKBM,Sekar Bumi Tbk.,28-Sep-12,1.730.103.217,Pengembangan
SKLT,Sekar Laut Tbk.,8-Sep-93,690.740.500,Pengembangan
SKYB,Northcliff Citranusa Indonesia,7-Jul-10,585.000.000,Pengembangan
SMAR,Smart Tbk.,20-Nov-92,2.872.193.366,Pengembangan
SMBR,Semen Baturaja (Persero) Tbk.,28-Jun-13,9.932.534.336,Utama
SMCB,Solusi Bangun Indonesia Tbk.,10-Aug-77,9.019.381.973,Utama
SMDM,Suryamas Dutamakmur Tbk.,12-Oct-95,4.772.138.237,Pengembangan
SMDR,Samudera Indonesia Tbk.,5-Jul-99,3.275.120.000,Utama
SMGR,Semen Indonesia (Persero) Tbk.,8-Jul-91,5.931.520.000,Utama
SMMA,Sinarmas Multiartha Tbk.,5-Jul-95,6.367.664.717,Utama
SMMT,Golden Eagle Energy Tbk.,1-Dec-97,3.150.000.000,Pengembangan
SMRA,Summarecon Agung Tbk.,7-May-90,16.508.568.358,Utama
SMRU,SMR Utama Tbk.,10-Oct-11,12.499.385.782,Pengembangan
SMSM,Selamat Sempurna Tbk.,9-Sep-96,5.758.675.440,Utama
SOCI,Soechi Lines Tbk.,3-Dec-14,7.059.000.000,Utama
SONA,Sona Topas Tourism Industry Tb,21-Jul-92,331.200.000,Utama
SPMA,Suparma Tbk.,16-Nov-94,3.154.092.216,UTAMA
SQMI,Wilton Makmur Indonesia Tbk.,15-Jul-04,15.537.591.429,Pengembangan
SRAJ,Sejahteraraya Anugrahjaya Tbk.,11-Apr-11,12.000.705.445,Utama
SRIL,Sri Rejeki Isman Tbk.,17-Jun-13,20.452.176.844,Pengembangan
SRSN,Indo Acidatama Tbk,11-Jan-93,6.020.000.000,Utama
SRTG,Saratoga Investama Sedaya Tbk.,26-Jun-13,13.564.835.000,Utama
SSIA,Surya Semesta Internusa Tbk.,27-Mar-97,4.705.249.440,Utama
SSMS,Sawit Sumbermas Sarana Tbk.,12-Dec-13,9.525.000.000,Utama
SSTM,Sunson Textile Manufacture Tbk,20-Aug-97,1.170.909.181,PENGEMBANGAN
STAR,Buana Artha Anugerah Tbk.,13-Jul-11,4.800.000.602,Utama
STTP,Siantar Top Tbk.,16-Dec-96,1.310.000.000,Pengembangan
SUGI,Sugih Energy Tbk.,19-Jun-02,24.811.541.414,PENGEMBANGAN
SULI,SLJ Global Tbk.,21-Mar-94,4.076.916.802,Pengembangan
SUPR,Solusi Tunas Pratama Tbk.,11-Oct-11,1.137.579.698,Pengembangan
TALF,Tunas Alfin Tbk.,17-Jan-14,1.353.435.000,Pengembangan
TARA,Agung Semesta Sejahtera Tbk.,11-Jul-14,10.069.645.750,UTAMA
TAXI,Express Transindo Utama Tbk.,2-Nov-12,10.223.647.156,Utama
TBIG,Tower Bersama Infrastructure T,26-Oct-10,22.656.999.445,Utama
TBLA,Tunas Baru Lampung Tbk.,14-Feb-00,5.342.098.939,Utama
TBMS,Tembaga Mulia Semanan Tbk.,23-May-90,367.340.000,Pengembangan
TKIM,Pabrik Kertas Tjiwi Kimia Tbk.,3-Apr-90,3.113.223.570,UTAMA
TLKM,Telkom Indonesia (Persero) Tbk,14-Nov-95,99.062.216.600,Utama
TMAS,Temas Tbk.,9-Jul-03,5.705.150.000,Utama
TMPO,Tempo Intimedia Tbk.,8-Jan-01,1.058.333.250,Pengembangan
TOBA,TBS Energi Utama Tbk.,6-Jul-12,8.049.964.000,Utama
TOTL,Total Bangun Persada Tbk.,25-Jul-06,3.410.000.000,Utama
TOTO,Surya Toto Indonesia Tbk.,30-Oct-90,10.320.000.000,Pengembangan
TOWR,Sarana Menara Nusantara Tbk.,8-Mar-10,51.014.625.000,Utama
TPIA,Chandra Asri Petrochemical Tbk,26-May-08,86.511.545.092,Pengembangan
TPMA,Trans Power Marine Tbk.,20-Feb-13,2.633.300.000,Pengembangan
TRAM,Trada Alam Minera Tbk.,10-Sep-08,49.643.627.934,Pengembangan
TRIL,Triwira Insanlestari Tbk.,28-Jan-08,1.200.000.000,Pengembangan
TRIM,Trimegah Sekuritas Indonesia T,31-Jan-00,7.109.300.000,Utama
TRIO,Trikomsel Oke Tbk.,14-Apr-09,26.007.494.645,Pengembangan
TRIS,Trisula International Tbk.,28-Jun-12,3.141.443.806,Pengembangan
TRST,Trias Sentosa Tbk.,2-Jul-90,2.808.000.000,Utama
TRUS,Trust Finance Indonesia Tbk,28-Nov-02,800.000.000,PENGEMBANGAN
TSPC,Tempo Scan Pacific Tbk.,17-Jun-94,4.509.864.300,Utama
TURI,Tunas Ridean Tbk.,16-May-95,5.580.000.000,Utama
ULTJ,Ultra Jaya Milk Industry & Tra,2-Jul-90,11.553.528.000,Utama
UNIC,Unggul Indah Cahaya Tbk.,6-Nov-89,383.331.363,Utama
UNIT,Nusantara Inti Corpora Tbk,18-Apr-02,75.422.200,PENGEMBANGAN
UNSP,Bakrie Sumatera Plantations Tb,6-Mar-90,2.500.162.344,Pengembangan
UNTR,United Tractors Tbk.,19-Sep-89,3.730.135.136,Utama
UNVR,Unilever Indonesia Tbk.,11-Jan-82,38.150.000.000,Utama
VICO,Victoria Investama Tbk.,8-Jul-13,10.064.568.363,Utama
VINS,Victoria Insurance Tbk.,28-Sep-15,1.460.573.616,Pengembangan
VIVA,Visi Media Asia Tbk.,21-Nov-11,16.464.270.400,Pengembangan
VOKS,Voksel Electric Tbk.,20-Dec-90,4.155.602.595,Utama
VRNA,Verena Multi Finance Tbk.,25-Jun-08,5.687.353.997,Pengembangan
WAPO,Wahana Pronatural Tbk.,22-Jun-01,1.240.923.111,Pengembangan
WEHA,WEHA Transportasi Indonesia Tb,31-May-07,1.460.554.819,Utama
WICO,Wicaksana Overseas Internation,8-Aug-94,1.391.304.367,Pengembangan
WIIM,Wismilak Inti Makmur Tbk.,18-Dec-12,2.099.873.760,Utama
SHIP,Sillo Maritime Perdana Tbk.,16-Jun-16,2.719.790.000,Utama
CASA,Capital Financial Indonesia Tb,19-Jul-16,54.476.269.803,Pengembangan
DAYA,Duta Intidaya Tbk.,28-Jun-16,2.420.547.025,Pengembangan
DPUM,Dua Putra Utama Makmur Tbk.,8-Dec-15,4.175.000.000,Pengembangan
IDPR,Indonesia Pondasi Raya Tbk.,10-Dec-15,2.003.000.000,Utama
JGLE,Graha Andrasentra Propertindo,29-Jun-16,22.581.909.405,Pengembangan
INCF,Indo Komoditi Korpora Tbk.,6-Sep-16,1.438.370.465,Pengembangan
WSBP,Waskita Beton Precast Tbk.,20-Sep-16,26.361.157.534,Pengembangan
PBSA,Paramita Bangun Sarana Tbk.,28-Sep-16,3.000.000.000,Utama
PRDA,Prodia Widyahusada Tbk.,7-Dec-16,937.500.000,Utama
BOGA,Bintang Oto Global Tbk.,19-Dec-16,3.803.526.210,Pengembangan
BRIS,Bank Syariah Indonesia Tbk.,9-May-18,40.717.924.372,Utama
CSIS,Cahayasakti Investindo Sukses,10-May-17,1.307.000.000,Pengembangan
TGRA,Terregra Asia Energy Tbk.,16-May-17,2.750.000.000,Utama
FIRE,Alfa Energi Investama Tbk.,9-Jun-17,1.475.363.179,Pengembangan
TOPS,Totalindo Eka Persada Tbk.,16-Jun-17,33.330.000.000,Utama
KMTR,Kirana Megatara Tbk.,19-Jun-17,8.215.366.379,Pengembangan
ARMY,Armidian Karyatama Tbk.,21-Jun-17,9.006.250.000,Pengembangan
MAPB,MAP Boga Adiperkasa Tbk.,21-Jun-17,2.170.922.900,Pengembangan
WOOD,Integra Indocabinet Tbk.,21-Jun-17,6.437.500.000,Utama
HRTA,Hartadinata Abadi Tbk.,21-Jun-17,4.605.262.400,Utama
MABA,Marga Abhinaya Abadi Tbk.,22-Jun-17,15.365.229.912,PENGEMBANGAN
HOKI,Buyung Poetra Sembada Tbk.,22-Jun-17,9.677.752.680,Utama
MPOW,Megapower Makmur Tbk.,5-Jul-17,816.997.053,Pengembangan
MARK,Mark Dynamics Indonesia Tbk.,12-Jul-17,3.800.000.310,Utama
NASA,Andalan Perkasa Abadi Tbk.,7-Aug-17,11.004.929.322,Pengembangan
MDKI,Emdeki Utama Tbk.,25-Sep-17,2.530.150.002,Utama
BELL,Trisula Textile Industries Tbk,3-Oct-17,7.250.000.000,Pengembangan
KIOS,Kioson Komersial Indonesia Tbk,5-Oct-17,1.075.859.850,Pengembangan
GMFI,Garuda Maintenance Facility Ae,10-Oct-17,28.233.511.500,Pengembangan
MTWI,Malacca Trust Wuwungan Insuran,12-Oct-17,1.525.819.116,Pengembangan
ZINC,Kapuas Prima Coal Tbk.,16-Oct-17,25.250.000.000,Pengembangan
MCAS,M Cash Integrasi Tbk.,1-Nov-17,867.933.300,Pengembangan
PPRE,PP Presisi Tbk.,24-Nov-17,10.224.271.000,Utama
WEGE,Wijaya Karya Bangunan Gedung T,30-Nov-17,9.572.000.000,Utama
PSSI,Pelita Samudera Shipping Tbk.,5-Dec-17,5.417.063.153,Utama
MORA,Mora Telematika Indonesia Tbk.,8-Aug-22,23.646.668.691,Utama
DWGL,Dwi Guna Laksana Tbk.,13-Dec-17,9.246.265.791,Pengembangan
PBID,Panca Budi Idaman Tbk.,13-Dec-17,1.875.000.000,Utama
JSKY,Sky Energy Indonesia Tbk.,28-Mar-18,2.032.540.000,Utama
INPS,Indah Prakasa Sentosa Tbk.,6-Apr-18,650.000.000,Pengembangan
GHON,Gihon Telekomunikasi Indonesia,9-Apr-18,550.000.000,Utama
TDPM,Tridomain Performance Material,9-Apr-18,10.485.050.500,Pengembangan
DFAM,Dafam Property Indonesia Tbk.,27-Apr-18,1.899.852.850,Pengembangan
NICK,Charnic Capital Tbk.,2-May-18,651.150.000,PENGEMBANGAN
BTPS,Bank BTPN Syariah Tbk.,8-May-18,7.626.663.000,Utama
SPTO,Surya Pertiwi Tbk.,14-May-18,2.700.000.000,Utama
PRIM,Royal Prima Tbk.,15-May-18,3.393.434.905,Pengembangan
HEAL,Medikaloka Hermina Tbk.,16-May-18,14.956.054.669,Utama
TRUK,Guna Timur Raya Tbk.,23-May-18,435.000.000,PENGEMBANGAN
PZZA,Sarimelati Kencana Tbk.,23-May-18,3.021.875.000,Utama
TUGU,Asuransi Tugu Pratama Indonesi,28-May-18,1.777.787.800,Pengembangan
MSIN,MNC Digital Entertainment Tbk.,8-Jun-18,11.444.400.000,Utama
SWAT,Sriwahana Adityakarta Tbk.,8-Jun-18,3.019.200.000,Pengembangan
KPAL,Steadfast Marine Tbk.,8-Jun-18,1.069.009.400,Pengembangan
TNCA,Trimuda Nuansa Citra Tbk.,28-Jun-18,421.640.000,Pengembangan
MAPA,Map Aktif Adiperkasa Tbk.,5-Jul-18,2.850.400.000,Utama
TCPI,Transcoal Pacific Tbk.,6-Jul-18,5.000.000.000,Pengembangan
IPCC,Indonesia Kendaraan Terminal T,9-Jul-18,1.818.384.820,Utama
RISE,Jaya Sukses Makmur Sentosa Tbk,9-Jul-18,10.945.000.000,Pengembangan
BPTR,Batavia Prosperindo Trans Tbk.,9-Jul-18,1.550.000.000,Utama
POLL,Pollux Properties Indonesia Tb,11-Jul-18,8.318.823.600,Pengembangan
NFCX,NFC Indonesia Tbk.,12-Jul-18,666.667.500,Pengembangan
MGRO,Mahkota Group Tbk.,12-Jul-18,3.554.445.700,Utama
NUSA,Sinergi Megah Internusa Tbk.,12-Jul-18,7.700.000.148,Pengembangan
FILM,MD Pictures Tbk.,7-Aug-18,9.511.217.000,Utama
ANDI,Andira Agro Tbk.,16-Aug-18,9.350.000.000,Pengembangan
LAND,Trimitra Propertindo Tbk.,23-Aug-18,2.792.620.000,Pengembangan
MOLI,Madusari Murni Indah Tbk.,30-Aug-18,2.724.036.581,Pengembangan
PANI,Pratama Abadi Nusa Industri Tb,18-Sep-18,13.530.000.000,Pengembangan
DIGI,Arkadia Digital Media Tbk.,18-Sep-18,1.625.000.000,Pengembangan
CITY,Natura City Developments Tbk.,28-Sep-18,5.405.188.966,Utama
SAPX,Satria Antaran Prima Tbk.,3-Oct-18,833.333.300,Pengembangan
KPAS,Cottonindo Ariesta Tbk.,5-Oct-18,768.043.253,Pengembangan
SURE,Super Energy Tbk.,5-Oct-18,1.497.576.771,Pengembangan
HKMU,HK Metals Utama Tbk.,9-Oct-18,3.221.750.000,Utama
MPRO,Maha Properti Indonesia Tbk.,9-Oct-18,9.942.500.000,Pengembangan
DUCK,Jaya Bersama Indo Tbk.,10-Oct-18,1.283.330.000,Pengembangan
GOOD,Garudafood Putra Putri Jaya Tb,10-Oct-18,36.897.901.455,Utama
SKRN,Superkrane Mitra Utama Tbk.,11-Oct-18,1.500.000.000,PENGEMBANGAN
YELO,Yelooo Integra Datanet Tbk.,29-Oct-18,1.912.774.405,Pengembangan
CAKK,Cahayaputra Asa Keramik Tbk.,31-Oct-18,1.203.300.219,Pengembangan
SATU,Kota Satu Properti Tbk.,5-Nov-18,1.375.000.000,Pengembangan
SOSS,Shield On Service Tbk.,6-Nov-18,663.694.016,Pengembangan
DEAL,Dewata Freightinternational Tb,11-Nov-18,1.146.170.959,Pengembangan
POLA,Pool Advista Finance Tbk.,16-Nov-18,2.729.385.300,Pengembangan
DIVA,Distribusi Voucher Nusantara T,27-Nov-18,1.428.571.400,Pengembangan
LUCK,Sentral Mitra Informatika Tbk.,28-Nov-18,715.749.640,Pengembangan
URBN,Urban Jakarta Propertindo Tbk.,10-Dec-18,3.232.122.640,Pengembangan
SOTS,Satria Mega Kencana Tbk.,10-Dec-18,1.000.000.075,Pengembangan
ZONE,Mega Perintis Tbk.,12-Dec-18,870.171.478,Pengembangan
PEHA,Phapros Tbk.,26-Dec-18,840.000.000,Utama
FOOD,Sentra Food Indonesia Tbk.,8-Jan-19,650.000.000,Pengembangan
BEEF,Estika Tata Tiara Tbk.,10-Jan-19,1.884.312.595,Pengembangan
POLI,Pollux Hotels Group Tbk.,10-Jan-19,2.010.526.400,Pengembangan
CLAY,Citra Putra Realty Tbk.,18-Jan-19,2.570.000.000,Pengembangan
NATO,Surya Permata Andalan Tbk.,18-Jan-19,8.001.111.504,Pengembangan
JAYA,Armada Berjaya Trans Tbk.,21-Feb-19,795.628.930,Pengembangan
COCO,Wahana Interfood Nusantara Tbk,20-Mar-19,889.863.981,Pengembangan
MTPS,Meta Epsi Tbk.,10-Apr-19,2.084.850.829,PENGEMBANGAN
CPRI,Capri Nusa Satu Properti Tbk.,11-Apr-19,2.433.379.958,Pengembangan
HRME,Menteng Heritage Realty Tbk.,12-Apr-19,5.958.750.000,Pengembangan
POSA,Bliss Properti Indonesia Tbk.,10-May-19,8.388.870.206,Pengembangan
JAST,Jasnita Telekomindo Tbk.,16-May-19,1.082.574.979,Pengembangan
FITT,Hotel Fitra International Tbk.,11-Jun-19,726.130.199,PENGEMBANGAN
BOLA,Bali Bintang Sejahtera Tbk.,17-Jun-19,6.000.000.000,Pengembangan
CCSI,Communication Cable Systems In,18-Jun-19,1.199.999.998,Pengembangan
SFAN,Surya Fajar Capital Tbk.,19-Jun-19,1.359.934.021,Pengembangan
POLU,Golden Flower Tbk.,26-Jun-19,750.000.000,Pengembangan
KJEN,Krida Jaringan Nusantara Tbk.,1-Jul-19,500.000.000,Pengembangan
KAYU,Darmi Bersaudara Tbk.,4-Jul-19,665.000.000,Pengembangan
ITIC,Indonesian Tobacco Tbk.,4-Jul-19,940.720.000,Pengembangan
PAMG,Bima Sakti Pertiwi Tbk.,5-Jul-19,3.125.000.000,Utama
IPTV,MNC Vision Networks Tbk.,8-Jul-19,42.197.950.841,Utama
BLUE,Berkah Prima Perkasa Tbk.,8-Jul-19,418.000.000,Pengembangan
ENVY,Envy Technologies Indonesia Tb,8-Jul-19,1.800.000.000,Pengembangan
EAST,Eastparc Hotel Tbk.,9-Jul-19,4.126.405.336,Pengembangan
LIFE,Asuransi Jiwa Sinarmas MSIG Tb,9-Jul-19,2.100.000.000,Utama
FUJI,Fuji Finance Indonesia Tbk.,9-Jul-19,1.105.000.000,PENGEMBANGAN
KOTA,DMS Propertindo Tbk.,9-Jul-19,10.546.185.701,Utama
INOV,Inocycle Technology Group Tbk.,10-Jul-19,1.808.221.900,Pengembangan
ARKA,Arkha Jayanti Persada Tbk.,10-Jul-19,2.000.000.000,Pengembangan
SMKL,Satyamitra Kemas Lestari Tbk.,11-Jul-19,3.418.085.290,Utama
HDIT,Hensel Davest Indonesia Tbk.,12-Jul-19,1.524.680.000,Utama
KEEN,Kencana Energi Lestari Tbk.,2-Sep-19,3.666.312.500,Utama
BAPI,Bhakti Agung Propertindo Tbk.,16-Sep-19,5.591.980.103,Pengembangan
TFAS,Telefast Indonesia Tbk.,17-Sep-19,1.666.666.500,Pengembangan
GGRP,Gunung Raja Paksi Tbk.,19-Sep-19,12.111.376.157,Pengembangan
OPMS,Optima Prima Metal Sinergi Tbk,23-Sep-19,1.000.000.000,Pengembangan
NZIA,Nusantara Almazia Tbk.,25-Sep-19,2.197.540.705,UTAMA
SLIS,Gaya Abadi Sempurna Tbk.,7-Oct-19,2.000.000.000,Pengembangan
PURE,Trinitan Metals and Minerals T,9-Oct-19,1.375.181.505,Utama
IRRA,Itama Ranoraya Tbk.,15-Oct-19,1.600.000.000,Pengembangan
DMMX,Digital Mediatama Maxima Tbk.,21-Oct-19,7.692.307.700,Pengembangan
SINI,Singaraja Putra Tbk.,8-Nov-19,481.000.000,Pengembangan
WOWS,Ginting Jaya Energi Tbk.,8-Nov-19,2.475.720.000,Pengembangan
ESIP,Sinergi Inti Plastindo Tbk.,14-Nov-19,1.109.936.599,Pengembangan
TEBE,Dana Brata Luhur Tbk.,18-Nov-19,1.285.000.000,Utama
KEJU,Mulia Boga Raya Tbk.,25-Nov-19,1.500.000.000,Pengembangan
PSGO,Palma Serasih Tbk.,25-Nov-19,18.850.000.000,Pengembangan
AGAR,Asia Sejahtera Mina Tbk.,2-Dec-19,1.000.000.000,Pengembangan
IFSH,Ifishdeco Tbk.,5-Dec-19,2.125.000.000,Pengembangan
REAL,Repower Asia Indonesia Tbk.,6-Dec-19,6.633.610.151,Pengembangan
IFII,Indonesia Fibreboard Industry,10-Dec-19,9.412.000.000,Utama
PMJS,Putra Mandiri Jembar Tbk.,18-Dec-19,13.755.600.000,Pengembangan
UCID,Uni-Charm Indonesia Tbk.,20-Dec-19,4.156.572.300,Utama
GLVA,Galva Technologies Tbk.,23-Dec-19,1.500.000.000,Pengembangan
PGJO,Tourindo Guide Indonesia Tbk.,8-Jan-20,761.659.095,Akselerasi
AMAR,Bank Amar Indonesia Tbk.,9-Jan-20,13.646.222.000,Pengembangan
CSRA,Cisadane Sawit Raya Tbk.,9-Jan-20,2.050.000.000,Utama
INDO,Royalindo Investa Wijaya Tbk.,13-Jan-20,4.382.841.243,Pengembangan
AMOR,Ashmore Asset Management Indon,14-Jan-20,2.222.222.400,Pengembangan
TRIN,Perintis Triniti Properti Tbk.,15-Jan-20,4.404.475.935,Pengembangan
DMND,Diamond Food Indonesia Tbk.,22-Jan-20,9.468.359.000,Utama
PURA,Putra Rajawali Kencana Tbk.,22-Jan-20,5.999.424.083,Pengembangan
PTPW,Pratama Widya Tbk.,7-Feb-20,878.187.500,Pengembangan
TAMA,Lancartama Sejati Tbk.,10-Feb-20,1.200.000.007,Pengembangan
IKAN,Era Mandiri Cemerlang Tbk.,12-Feb-20,833.333.000,Pengembangan
AYLS,Agro Yasa Lestari Tbk.,12-Feb-20,853.423.236,Pengembangan
DADA,Diamond Citra Propertindo Tbk.,14-Feb-20,7.178.346.958,Pengembangan
ASPI,Andalan Sakti Primaindo Tbk.,17-Feb-20,681.794.825,Pengembangan
ESTA,Esta Multi Usaha Tbk.,9-Mar-20,2.229.230.769,Pengembangan
BESS,Batulicin Nusantara Maritim Tb,9-Mar-20,3.433.036.457,Pengembangan
AMAN,Makmur Berkah Amanda Tbk.,13-Mar-20,3.873.500.000,Utama
CARE,Metro Healthcare Indonesia Tbk,13-Mar-20,33.250.000.000,Pengembangan
SAMF,Saraswanti Anugerah Makmur Tbk,31-Mar-20,5.125.000.000,Utama
SBAT,Sejahtera Bintang Abadi Textil,8-Apr-20,4.752.982.378,Pengembangan
KBAG,Karya Bersama Anugerah Tbk.,8-Apr-20,7.150.001.691,Pengembangan
CBMF,Cahaya Bintang Medan Tbk.,9-Apr-20,1.875.000.000,Pengembangan
RONY,Aesler Grup Internasional Tbk.,9-Apr-20,1.250.000.000,Pengembangan
CSMI,Cipta Selera Murni Tbk.,9-Apr-20,816.061.500,Pengembangan
BBSS,Bumi Benowo Sukses Sejahtera T,15-Apr-20,4.800.016.020,Pengembangan
BHAT,Bhakti Multi Artha Tbk.,15-Apr-20,5.000.000.000,Pengembangan
CASH,Cashlez Worldwide Indonesia Tb,4-May-20,1.431.125.517,Akselerasi
TECH,Indosterling Technomedia Tbk.,4-Jun-20,1.256.300.000,Pengembangan
EPAC,Megalestari Epack Sentosaraya,1-Jul-20,3.303.400.000,Pengembangan
UANG,Pakuan Tbk.,6-Jul-20,1.210.000.000,Pengembangan
PGUN,Pradiksi Gunatama Tbk.,7-Jul-20,4.998.360.000,Utama
SOFA,Boston Furniture Industries Tb,7-Jul-20,1.653.574.499,Akselerasi
PPGL,Prima Globalindo Logistik Tbk.,20-Jul-20,771.178.020,Akselerasi
TOYS,Sunindo Adipersada Tbk.,6-Aug-20,1.435.000.712,Pengembangan
SGER,Sumber Global Energy Tbk.,10-Aug-20,3.727.301.205,Pengembangan
TRJA,Transkon Jaya Tbk.,27-Aug-20,1.510.200.000,Utama
PNGO,Pinago Utama Tbk.,31-Aug-20,781.250.000,Pengembangan
SCNP,Selaras Citra Nusantara Perkas,7-Sep-20,2.500.000.000,Pengembangan
BBSI,Krom Bank Indonesia Tbk.,7-Sep-20,3.274.178.463,Pengembangan
KMDS,Kurniamitra Duta Sentosa Tbk.,7-Sep-20,800.000.000,Pengembangan
PURI,Puri Global Sukses Tbk.,8-Sep-20,1.000.000.000,Pengembangan
SOHO,Soho Global Health Tbk.,8-Sep-20,1.269.168.239,Utama
HOMI,Grand House Mulia Tbk.,10-Sep-20,1.575.000.000,Pengembangan
ROCK,Rockfields Properti Indonesia,10-Sep-20,1.435.185.100,Pengembangan
ENZO,Morenzo Abadi Perkasa Tbk.,14-Sep-20,2.162.546.221,Pengembangan
PLAN,Planet Properindo Jaya Tbk.,15-Sep-20,892.863.180,Akselerasi
PTDU,Djasa Ubersakti Tbk.,8-Dec-20,1.500.000.000,Pengembangan
ATAP,Trimitra Prawara Goldland Tbk.,11-Dec-20,1.250.000.000,Pengembangan
VICI,Victoria Care Indonesia Tbk.,17-Dec-20,6.708.000.000,Utama
PMMP,Panca Mitra Multiperdana Tbk.,18-Dec-20,2.353.000.000,Utama
WIFI,Solusi Sinergi Digital Tbk.,30-Dec-20,2.255.321.287,Utama
FAPA,FAP Agri Tbk.,4-Jan-21,3.629.411.800,Pengembangan
DCII,DCI Indonesia Tbk.,6-Jan-21,2.383.745.900,Pengembangan
KETR,Ketrosden Triasmitra Tbk.,11-Jan-21,2.841.262.838,Utama
DGNS,Diagnos Laboratorium Utama Tbk,15-Jan-21,1.250.000.000,Pengembangan
UFOE,Damai Sejahtera Abadi Tbk.,1-Feb-21,2.287.500.000,Pengembangan
BANK,Bank Aladin Syariah Tbk.,1-Feb-21,13.667.911.701,Pengembangan
WMUU,Widodo Makmur Unggas Tbk.,2-Feb-21,12.941.176.500,Utama
EDGE,Indointernet Tbk.,8-Feb-21,404.050.000,Pengembangan
UNIQ,Ulima Nitra Tbk.,8-Mar-21,3.138.983.000,Utama
BEBS,Berkah Beton Sadaya Tbk.,10-Mar-21,9.000.000.000,Pengembangan
SNLK,Sunter Lakeside Hotel Tbk.,29-Mar-21,450.000.000,Pengembangan
ZYRX,Zyrexindo Mandiri Buana Tbk.,30-Mar-21,1.333.333.707,Pengembangan
LFLO,Imago Mulia Persada Tbk.,7-Apr-21,1.307.734.937,Akselerasi
FIMP,Fimperkasa Utama Tbk.,9-Apr-21,400.000.975,Akselerasi
TAPG,Triputra Agro Persada Tbk.,12-Apr-21,19.852.540.000,Utama
NPGF,Nusa Palapa Gemilang Tbk.,14-Apr-21,3.240.235.840,Utama
LUCY,Lima Dua Lima Tiga Tbk.,5-May-21,1.053.881.703,Akselerasi
ADCP,Adhi Commuter Properti Tbk.,21-May-21,22.222.222.200,Utama
HOPE,Harapan Duta Pertiwi Tbk.,24-May-21,2.130.360.201,PENGEMBANGAN
MGLV,Panca Anugrah Wisesa Tbk.,8-Jun-21,1.904.883.411,Akselerasi
TRUE,Triniti Dinamik Tbk.,10-Jun-21,7.570.890.620,Pengembangan
LABA,Ladangbaja Murni Tbk.,10-Jun-21,1.011.320.385,Pengembangan
ARCI,Archi Indonesia Tbk.,28-Jun-21,24.835.000.000,Utama
IPAC,Era Graharealty Tbk.,30-Jun-21,949.868.500,Akselerasi
MASB,Bank Multiarta Sentosa Tbk.,30-Jun-21,1.345.591.974,Pengembangan
BMHS,Bundamedik Tbk.,6-Jul-21,8.603.416.176,Utama
FLMC,Falmaco Nonwoven Industri Tbk.,8-Jul-21,781.250.000,Akselerasi
NICL,PAM Mineral Tbk.,9-Jul-21,9.662.515.701,Pengembangan
UVCR,Trimegah Karya Pratama Tbk.,27-Jul-21,2.000.099.931,Akselerasi
BUKA,Bukalapak.com Tbk.,6-Aug-21,103.066.477.454,Pengembangan
HAIS,Hasnur Internasional Shipping,1-Sep-21,2.626.250.000,Utama
OILS,Indo Oil Perkasa Tbk.,6-Sep-21,454.056.563,Pengembangan
GPSO,Geoprima Solusi Tbk.,6-Sep-21,666.741.103,Pengembangan
TCID,Mandom Indonesia Tbk.,30-Sep-93,201.066.667,Utama
TELE,Omni Inovasi Indonesia Tbk.,12-Jan-12,7.302.194.889,Pengembangan
TFCO,Tifico Fiber Indonesia Tbk.,26-Feb-80,4.823.076.400,Pengembangan
TGKA,Tigaraksa Satria Tbk.,11-Jun-90,918.492.750,Pengembangan
TIFA,KDB Tifa Finance Tbk.,8-Jul-11,3.552.213.000,Pengembangan
TINS,Timah Tbk.,19-Oct-95,7.447.753.454,Utama
TIRA,Tira Austenite Tbk,27-Jul-93,588.000.000,Pengembangan
TIRT,Tirta Mahakam Resources Tbk,13-Dec-99,1.011.774.750,Pengembangan
MKTR,Menthobi Karyatama Raya Tbk.,8-Nov-22,12.000.000.000,Pengembangan
OMED,Jayamas Medica Industri Tbk.,8-Nov-22,27.058.850.000,Utama
BSBK,Wulandari Bangun Laksana Tbk.,8-Nov-22,25.091.713.397,Utama
PDPP,Primadaya Plastisindo Tbk.,9-Nov-22,2.500.000.000,Pengembangan
KDTN,Puri Sentul Permai Tbk.,9-Nov-22,1.250.000.000,Pengembangan
ZATA,Bersama Zatta Jaya Tbk.,10-Nov-22,8.496.000.000,Utama
BSSR,Baramulti Suksessarana Tbk.,8-Nov-12,2.616.500.000,Pengembangan
BSWD,Bank Of India Indonesia Tbk.,1-May-02,2.364.972.863,Pengembangan
BTEK,Bumi Teknokultura Unggul Tbk,14-May-04,46.277.496.376,Pengembangan
BTEL,Bakrie Telecom Tbk.,3-Feb-06,36.822.665.755,Pengembangan
BTON,Betonjaya Manunggal Tbk.,18-Jul-01,720.000.000,Pengembangan
BTPN,Bank BTPN Tbk.,12-Mar-08,8.066.054.461,Utama
BUDI,Budi Starch & Sweetener Tbk.,8-May-95,4.498.997.362,Utama
MCOL,Prima Andalan Mandiri Tbk.,7-Sep-21,3.555.560.000,Utama
RSGK,Kedoya Adyaraya Tbk.,8-Sep-21,929.675.000,Utama
RUNS,Global Sukses Solusi Tbk.,8-Sep-21,983.557.875,Akselerasi
SBMA,Surya Biru Murni Acetylene Tbk,8-Sep-21,929.926.282,Pengembangan
CMNT,Cemindo Gemilang Tbk.,8-Sep-21,17.125.504.000,Utama
GTSI,GTS Internasional Tbk.,8-Sep-21,15.819.142.767,Utama
IDEA,Idea Indonesia Akademi Tbk.,9-Sep-21,1.062.437.500,Akselerasi
KUAS,Ace Oldfields Tbk.,25-Oct-21,1.292.808.150,Pengembangan
BOBA,Formosa Ingredient Factory Tbk,1-Nov-21,1.155.750.000,Pengembangan
MTEL,Dayamitra Telekomunikasi Tbk.,22-Nov-21,83.515.464.044,Utama
DEPO,Caturkarda Depo Bangunan Tbk.,25-Nov-21,6.790.000.000,Utama
BINO,Perma Plasindo Tbk.,25-Nov-21,2.175.009.752,Pengembangan
CMRY,Cisarua Mountain Dairy Tbk.,6-Dec-21,7.934.683.000,Utama
PORT,Nusantara Pelabuhan Handal Tbk,16-Mar-17,2.813.941.985,Pengembangan
CARS,Industri dan Perdagangan Bintr,10-Apr-17,15.000.000.000,Utama
MINA,Sanurhasta Mitra Tbk.,28-Apr-17,6.562.500.000,Pengembangan
FORZ,Forza Land Indonesia Tbk.,28-Apr-17,1.984.009.887,Pengembangan
CLEO,Sariguna Primatirta Tbk.,5-May-17,12.000.000.000,Utama
TAMU,Pelayaran Tamarin Samudra Tbk.,10-May-17,37.500.000.000,Pengembangan
WIKA,Wijaya Karya (Persero) Tbk.,29-Oct-07,8.969.951.372,Utama
WINS,Wintermar Offshore Marine Tbk.,29-Nov-10,4.357.837.057,Utama
WOMF,Wahana Ottomitra Multiartha Tb,13-Dec-04,3.481.481.480,Utama
WSKT,Waskita Karya (Persero) Tbk.,19-Dec-12,28.806.807.016,Utama
WTON,Wijaya Karya Beton Tbk.,8-Apr-14,8.715.466.600,Utama
YPAS,Yanaprima Hastapersada Tbk,5-Mar-08,668.000.089,PENGEMBANGAN
YULE,Yulie Sekuritas Indonesia Tbk.,12-Oct-04,1.785.000.000,PENGEMBANGAN
ZBRA,Dosni Roha Indonesia Tbk.,1-Aug-91,2.510.706.263,Pengembangan
IMJS,Indomobil Multi Jasa Tbk.,10-Dec-13,8.654.325.000,Utama
IMPC,Impack Pratama Industri Tbk.,17-Dec-14,4.933.500.000,Pengembangan
INAF,Indofarma Tbk.,17-Apr-01,3.099.267.500,Utama
INAI,Indal Aluminium Industry Tbk.,5-Dec-94,633.600.000,PENGEMBANGAN
INCI,Intanwijaya Internasional Tbk,24-Jul-90,196.121.237,Utama
INCO,Vale Indonesia Tbk.,16-May-90,9.936.338.720,Utama
INDF,Indofood Sukses Makmur Tbk.,14-Jul-94,8.780.426.500,Utama
INDR,Indo-Rama Synthetics Tbk.,3-Aug-90,654.351.707,Utama
WGSH,Wira Global Solusi Tbk.,6-Dec-21,1.042.500.000,Akselerasi
TAYS,Jaya Swarasa Agung Tbk.,6-Dec-21,1.098.920.000,Pengembangan
WMPP,Widodo Makmur Perkasa Tbk.,6-Dec-21,29.419.000.000,Utama
RMKE,RMK Energy Tbk.,7-Dec-21,4.375.000.000,Utama
OBMD,OBM Drilchem Tbk.,8-Dec-21,798.647.163,Pengembangan
AVIA,Avia Avian Tbk.,8-Dec-21,61.953.555.600,Utama
IPPE,Indo Pureco Pratama Tbk.,9-Dec-21,4.600.000.000,Pengembangan
NASI,Wahana Inti Makmur Tbk.,13-Dec-21,807.400.000,Pengembangan
BSML,Bintang Samudera Mandiri Lines,16-Dec-21,1.850.225.000,Pengembangan
DRMA,Dharma Polimetal Tbk.,20-Dec-21,4.705.882.300,Utama
ADMR,Adaro Minerals Indonesia Tbk.,3-Jan-22,40.882.331.500,Pengembangan
SEMA,Semacom Integrated Tbk.,10-Jan-22,1.347.101.450,Pengembangan
ASLC,Autopedia Sukses Lestari Tbk.,25-Jan-22,12.746.354.780,Pengembangan
JMAS,Asuransi Jiwa Syariah Jasa Mit,18-Dec-17,1.000.000.000,Pengembangan
CAMP,Campina Ice Cream Industry Tbk,19-Dec-17,5.885.000.000,Utama
IPCM,Jasa Armada Indonesia Tbk.,22-Dec-17,5.284.811.100,Utama
PCAR,Prima Cakrawala Abadi Tbk.,29-Dec-17,1.166.666.700,Pengembangan
LCKM,LCK Global Kedaton Tbk.,16-Jan-18,1.000.000.000,Pengembangan
BOSS,Borneo Olah Sarana Sukses Tbk.,15-Feb-18,1.400.000.000,Pengembangan
HELI,Jaya Trishindo Tbk.,27-Mar-18,832.862.387,Pengembangan
NETV,Net Visi Media Tbk.,26-Jan-22,23.453.177.240,Pengembangan
BAUT,Mitra Angkasa Sejahtera Tbk.,28-Jan-22,4.800.030.976,Pengembangan
ENAK,Champ Resto Indonesia Tbk.,8-Feb-22,2.166.666.800,Pengembangan
NTBK,Nusatama Berkah Tbk.,9-Feb-22,2.700.020.490,Pengembangan
SMKM,Sumber Mas Konstruksi Tbk.,9-Mar-22,1.253.000.000,Akselerasi
STAA,Sumber Tani Agung Resources Tb,10-Mar-22,10.903.372.600,Utama
NANO,Nanotech Indonesia Global Tbk.,10-Mar-22,4.285.068.013,Akselerasi
BIKE,Sepeda Bersama Indonesia Tbk.,21-Mar-22,1.293.344.524,Pengembangan
JSMR,Jasa Marga (Persero) Tbk.,12-Nov-07,7.257.871.200,Utama
JSPT,Jakarta Setiabudi Internasiona,12-Jan-98,2.318.736.000,Pengembangan
JTPE,Jasuindo Tiga Perkasa Tbk.,16-Apr-02,6.852.050.000,Pengembangan
KAEF,Kimia Farma Tbk.,4-Jul-01,5.554.000.000,Utama
KARW,ICTSI Jasa Prima Tbk.,20-Dec-94,587.152.700,Pengembangan
KBLI,KMI Wire & Cable Tbk.,6-Jul-92,4.007.235.107,Utama
KBLM,Kabelindo Murni Tbk.,1-Jun-92,1.120.000.000,PENGEMBANGAN
KBLV,First Media Tbk.,25-Feb-00,1.742.167.907,Pengembangan
KBRI,Kertas Basuki Rachmat Indonesi,11-Jul-08,8.687.995.734,PENGEMBANGAN
WIRG,WIR ASIA Tbk.,4-Apr-22,11.929.787.698,Pengembangan
SICO,Sigma Energy Compressindo Tbk.,8-Apr-22,910.006.767,Pengembangan
GOTO,GoTo Gojek Tokopedia Tbk.,11-Apr-22,1.184.363.929.502,Utama
TLDN,Teladan Prima Agro Tbk.,12-Apr-22,12.946.530.200,Utama
MTMH,Murni Sadar Tbk.,20-Apr-22,2.068.526.950,Utama
WINR,Winner Nusantara Jaya Tbk.,25-Apr-22,5.235.211.271,Utama
IBOS,Indo Boga Sukses Tbk.,25-Apr-22,8.036.807.492,Akselerasi
OLIV,Oscar Mitra Sukses Sejahtera T,17-May-22,1.900.002.300,Akselerasi
ASHA,Cilacap Samudera Fishing Indus,27-May-22,5.000.000.000,Pengembangan
SWID,Saraswanti Indoland Developmen,7-Jul-22,5.385.000.000,Pengembangan
TRGU,Cerestar Indonesia Tbk.,8-Jul-22,7.945.412.700,Pengembangan
ARKO,Arkora Hydro Tbk.,8-Jul-22,2.928.495.000,Pengembangan
ASRI,Alam Sutera Realty Tbk.,18-Dec-07,19.649.411.888,Utama
ASRM,Asuransi Ramayana Tbk.,19-Mar-90,304.283.840,Pengembangan
ASSA,Adi Sarana Armada Tbk.,12-Nov-12,3.566.392.660,Pengembangan
ATIC,Anabatic Technologies Tbk.,8-Jul-15,2.315.361.355,UTAMA
AUTO,Astra Otoparts Tbk.,15-Jun-98,4.819.733.000,Utama
BABP,Bank MNC Internasional Tbk.,15-Jul-02,31.068.660.467,Pengembangan
BACA,Bank Capital Indonesia Tbk.,4-Oct-07,7.007.235.690,Pengembangan
KINO,Kino Indonesia Tbk.,11-Dec-15,1.428.571.500,Utama
MARI,Mahaka Radio Integra Tbk.,11-Feb-16,5.252.644.000,Pengembangan
MKNT,Mitra Komunikasi Nusantara Tbk,26-Oct-15,5.500.000.000,Pengembangan
MTRA,Mitra Pemuda Tbk.,10-Feb-16,770.000.000,Pengembangan
OASA,Maharaksa Biru Energi Tbk.,18-Jul-16,358.600.000,Pengembangan
POWR,Cikarang Listrindo Tbk.,14-Jun-16,16.087.156.000,Utama
CHEM,Chemstar Indonesia Tbk.,8-Jul-22,1.700.000.000,Pengembangan
DEWI,Dewi Shri Farmindo Tbk.,18-Jul-22,2.000.000.000,Pengembangan
AXIO,Tera Data Indonusa Tbk.,20-Jul-22,5.840.126.500,Pengembangan
KRYA,Bangun Karya Perkasa Jaya Tbk.,25-Jul-22,1.625.000.000,Pengembangan
HATM,Habco Trans Maritima Tbk.,26-Jul-22,7.000.000.000,Pengembangan
RCCC,Utama Radar Cahaya Tbk.,2-Aug-22,750.000.000,Akselerasi
GULA,Aman Agrindo Tbk.,3-Aug-22,1.070.362.500,Pengembangan
JARR,Jhonlin Agro Raya Tbk.,4-Aug-22,8.000.000.000,Pengembangan
AMMS,Agung Menjangan Mas Tbk.,4-Aug-22,1.200.000.000,Akselerasi
RAFI,Sari Kreasi Boga Tbk.,5-Aug-22,3.128.090.000,Pengembangan
KKES,Kusuma Kemindo Sentosa Tbk.,8-Aug-22,1.500.000.000,Pengembangan
ELPI,Pelayaran Nasional Ekalya Purn,8-Aug-22,7.412.000.000,Utama
EURO,Estee Gold Feet Tbk.,8-Aug-22,2.500.000.000,Akselerasi
KLIN,Klinko Karya Imaji Tbk.,9-Aug-22,1.307.500.000,Akselerasi
TOOL,Rohartindo Nusantara Luas Tbk.,9-Aug-22,2.050.000.000,Pengembangan
BUAH,Segar Kumala Indonesia Tbk.,9-Aug-22,1.000.000.000,Pengembangan
CRAB,Toba Surimi Industries Tbk.,10-Aug-22,1.950.000.000,Pengembangan
MEDS,Hetzer Medical Indonesia Tbk.,10-Aug-22,1.562.500.000,Pengembangan
COAL,Black Diamond Resources Tbk.,7-Sep-22,6.250.000.000,Pengembangan
PRAY,Famon Awal Bros Sedaya Tbk.,8-Nov-22,13.959.422.300,Utama
CBUT,Citra Borneo Utama Tbk.,8-Nov-22,3.125.000.000,Utama
BELI,Global Digital Niaga Tbk.,8-Nov-22,118.474.705.740,Utama
